player,market,line,side,best_price,book,model_p,fair_p,edge,ev_per_unit,p_push,is_whole_line,n_books,kelly_full,kelly_frac,bet_flag
Marine Johannes,player_points,10.5,under,-122,draftkings,0.8694,0.5145,0.3549,0.582,0.0,0,1,0.7101,0.1775,1
Marine Johannes,player_points,9.5,under,-104,betonlineag,0.8355,0.4825,0.353,0.6389,0.0,0,2,0.6644,0.1661,1
Cameron Brink,player_rebounds,4.5,under,117,draftkings,0.6989,0.4197,0.2792,0.5166,0.0,0,1,0.4415,0.1104,1
Lauren Betts,player_rebounds,4.5,under,110,fanduel,0.7136,0.442,0.2716,0.4986,0.0,0,3,0.4532,0.1133,1
Cotie McMahon,player_points,7.5,under,-106,fanduel,0.7574,0.5057,0.2517,0.4719,0.0,0,3,0.5002,0.1251,1
Cotie McMahon,player_rebounds,2.5,under,116,fanduel,0.6717,0.427,0.2447,0.4509,0.0,0,3,0.3887,0.0972,1
Han Xu,player_rebounds,3.5,under,-106,fanduel,0.718,0.4788,0.2392,0.3954,0.0,0,1,0.4191,0.1048,1
Pauline Astier,player_assists,4.5,under,-151,draftkings,0.7992,0.5663,0.2329,0.3285,0.0,0,1,0.496,0.124,1
Natisha Hiedeman,player_rebounds,2.5,over,126,betonlineag,0.6432,0.4134,0.2298,0.4536,0.0,0,3,0.36,0.09,1
Pauline Astier,player_assists,3.5,under,110,fanduel,0.6678,0.4457,0.2221,0.4024,0.0,0,2,0.3658,0.0914,1
Lauren Betts,player_points,5.5,under,108,draftkings,0.6521,0.4447,0.2074,0.3564,0.0,0,2,0.33,0.0825,1
Cameron Brink,player_rebounds,5.5,under,-172,fanduel,0.8056,0.6107,0.1949,0.274,0.0,0,2,0.4712,0.1178,1
Angel Reese,player_points,15.5,over,-106,betonlineag,0.6838,0.49,0.1938,0.3289,0.0,0,3,0.3486,0.0872,1
Jewell Loyd,player_points,8.5,under,-118,fanduel,0.7047,0.5113,0.1934,0.3019,0.0,0,2,0.3562,0.0891,1
Jade Melbourne,player_points,9.5,over,-119,betonlineag,0.71,0.5168,0.1932,0.3066,0.0,0,3,0.3649,0.0912,1
Cotie McMahon,player_assists,2.5,under,-196,betonlineag,0.8217,0.6345,0.1872,0.2409,0.0,0,1,0.4722,0.1181,1
Kayla McBride,player_points,15.5,over,-102,fanduel,0.6661,0.481,0.1851,0.3191,0.0,0,3,0.3255,0.0814,1
Jordin Canada,player_points,11.5,over,-104,draftkings,0.6607,0.4819,0.1788,0.296,0.0,0,3,0.3078,0.077,1
Jewell Loyd,player_points,7.5,under,102,draftkings,0.6347,0.4579,0.1768,0.2821,0.0,0,1,0.2766,0.0691,1
Cameron Brink,player_points,7.5,under,-112,draftkings,0.6741,0.509,0.1651,0.276,0.0,0,3,0.3091,0.0773,1
Caitlin Clark,player_points,21.5,over,-117,draftkings,0.6663,0.509,0.1573,0.2358,0.0,0,3,0.2759,0.069,1
Rae Burrell,player_rebounds,2.5,over,136,betonlineag,0.5545,0.3974,0.1571,0.3086,0.0,0,2,0.2269,0.0567,1
Natisha Hiedeman,player_points,14.5,over,-123,betonlineag,0.682,0.5254,0.1566,0.2365,0.0,0,2,0.2909,0.0727,1
Natisha Hiedeman,player_points,15.5,over,-105,draftkings,0.6311,0.4755,0.1556,0.2321,0.0,0,1,0.2438,0.0609,1
Olivia Miles,player_rebounds,4.5,over,112,betonlineag,0.5959,0.4415,0.1544,0.2633,0.0,0,3,0.2351,0.0588,1
Brittney Griner,player_points,12.5,over,126,betonlineag,0.5615,0.4077,0.1538,0.269,0.0,0,1,0.2135,0.0534,1
Courtney Williams,player_points,12.5,over,-101,betonlineag,0.6297,0.4764,0.1533,0.2532,0.0,0,3,0.2557,0.0639,1
Allisha Gray,player_points,18.5,over,-105,betonlineag,0.633,0.4819,0.1511,0.2359,0.0,0,3,0.2477,0.0619,1
Angel Reese,player_rebounds,12.5,over,106,betonlineag,0.6027,0.4522,0.1505,0.2416,0.0,0,3,0.2279,0.057,1
Jordin Canada,player_rebounds,3.5,over,104,betonlineag,0.6246,0.4746,0.15,0.2742,0.0,0,3,0.2636,0.0659,1
Sonia Citron,player_rebounds,3.5,over,116,fanduel,0.5846,0.4351,0.1495,0.2627,0.0,0,3,0.2265,0.0566,1
Breanna Stewart,player_rebounds,8.5,over,116,fanduel,0.581,0.4319,0.1491,0.255,0.0,0,2,0.2198,0.0549,1
Pauline Astier,player_points,8.5,under,-110,fanduel,0.6406,0.4922,0.1484,0.223,0.0,0,3,0.2453,0.0613,1
Nneka Ogwumike,player_points,15.5,over,104,fanduel,0.6092,0.4618,0.1474,0.2428,0.0,0,3,0.2334,0.0584,1
Ezi Magbegor,player_points,7.5,over,-118,betonlineag,0.6609,0.5168,0.1441,0.221,0.0,0,3,0.2608,0.0652,1
Makayla Timpson,player_rebounds,5.5,over,-138,fanduel,0.6885,0.5457,0.1428,0.1874,0.0,0,2,0.2586,0.0647,1
Olivia Miles,player_points,19.5,over,-111,betonlineag,0.6392,0.4972,0.142,0.2151,0.0,0,2,0.2387,0.0597,1
Jonquel Jones,player_rebounds,9.5,over,112,betonlineag,0.5798,0.4386,0.1412,0.2292,0.0,0,2,0.2046,0.0512,1
Rae Burrell,player_assists,2.5,over,115,draftkings,0.5898,0.4536,0.1362,0.2681,0.0,0,3,0.2331,0.0583,1
Natasha Cloud,player_rebounds,3.5,over,128,fanduel,0.5377,0.4035,0.1342,0.226,0.0,0,3,0.1765,0.0441,1
Nneka Ogwumike,player_rebounds,8.5,over,107,betonlineag,0.5779,0.4491,0.1288,0.1963,0.0,0,3,0.1834,0.0459,1
Kayla McBride,player_rebounds,2.5,over,100,draftkings,0.5977,0.4705,0.1272,0.1954,0.0,0,2,0.1954,0.0489,1
Breanna Stewart,player_rebounds,7.5,over,-148,draftkings,0.683,0.5615,0.1215,0.1445,0.0,0,1,0.2138,0.0535,1
Rebecca Allen,player_points,8.5,under,-117,draftkings,0.6494,0.5281,0.1213,0.2044,0.0,0,3,0.2392,0.0598,1
Allisha Gray,player_assists,2.5,over,113,betonlineag,0.5633,0.4433,0.12,0.1998,0.0,0,3,0.1768,0.0442,1
Natasha Cloud,player_points,10.5,over,-105,draftkings,0.6055,0.4865,0.119,0.1822,0.0,0,3,0.1913,0.0478,1
Olivia Miles,player_points,20.5,over,-106,draftkings,0.5931,0.4777,0.1154,0.1526,0.0,0,1,0.1618,0.0404,1
Michaela Onyenwere,player_assists,2.5,under,-183,draftkings,0.7291,0.6139,0.1152,0.1275,0.0,0,1,0.2334,0.0583,1
Michaela Onyenwere,player_assists,1.5,under,141,betonlineag,0.494,0.3791,0.1149,0.1905,0.0,0,1,0.1351,0.0338,1
Brittney Griner,player_assists,2.5,over,155,betonlineag,0.47,0.356,0.114,0.1985,0.0,0,1,0.1281,0.032,1
Jonquel Jones,player_rebounds,8.5,over,-146,draftkings,0.6697,0.5574,0.1123,0.1284,0.0,0,1,0.1875,0.0469,1
Rhyne Howard,player_assists,3.5,over,-102,betonlineag,0.584,0.4724,0.1116,0.1565,0.0,0,3,0.1597,0.0399,1
Chelsea Gray,player_assists,6.5,over,102,fanduel,0.5631,0.4582,0.1049,0.1375,0.0,0,3,0.1348,0.0337,1
Breanna Stewart,player_points,21.5,over,-110,draftkings,0.6012,0.4966,0.1046,0.1477,0.0,0,3,0.1625,0.0406,1
Natisha Hiedeman,player_assists,5.5,over,118,draftkings,0.5334,0.4296,0.1038,0.1628,0.0,0,3,0.138,0.0345,1
Jackie Young,player_assists,6.5,over,104,fanduel,0.5577,0.4565,0.1012,0.1377,0.0,0,3,0.1324,0.0331,1
Rhyne Howard,player_rebounds,3.5,over,-123,betonlineag,0.6265,0.5276,0.0989,0.1358,0.0,0,3,0.1671,0.0418,1
Rhyne Howard,player_points,17.5,over,-103,betonlineag,0.5745,0.4764,0.0981,0.1323,0.0,0,3,0.1362,0.0341,1
Jordan Horston,player_rebounds,3.5,over,-160,draftkings,0.6854,0.5879,0.0975,0.1138,0.0,0,3,0.182,0.0455,1
Brittney Griner,player_points,11.5,over,-128,fanduel,0.6283,0.5324,0.0959,0.1192,0.0,0,2,0.1525,0.0381,1
Napheesa Collier,player_points,19.5,under,-114,fanduel,0.5973,0.5033,0.094,0.1212,0.0,0,3,0.1382,0.0346,1
Allisha Gray,player_rebounds,3.5,over,126,draftkings,0.4908,0.4014,0.0894,0.1092,0.0,0,1,0.0867,0.0217,1
Kelsey Mitchell,player_assists,2.5,over,-125,fanduel,0.6196,0.532,0.0876,0.1153,0.0,0,3,0.1441,0.036,1
Ezi Magbegor,player_rebounds,5.5,over,104,betonlineag,0.5445,0.4582,0.0863,0.1108,0.0,0,3,0.1065,0.0266,1
Azura Stevens,player_assists,2.5,over,148,fanduel,0.4646,0.3798,0.0848,0.1522,0.0,0,2,0.1028,0.0257,1
Dominique Malonga,player_rebounds,9.5,over,-127,betonlineag,0.6245,0.5421,0.0824,0.1162,0.0,0,3,0.1476,0.0369,1
Natasha Cloud,player_assists,5.5,over,-112,fanduel,0.5842,0.5033,0.0809,0.1058,0.0,0,3,0.1185,0.0296,1
Ariel Atkins,player_points,7.5,over,-118,draftkings,0.614,0.5337,0.0803,0.1343,0.0,0,3,0.1585,0.0396,1
Erica Wheeler,player_points,8.5,over,-118,fanduel,0.5888,0.509,0.0798,0.0878,0.0,0,3,0.1036,0.0259,1
Napheesa Collier,player_rebounds,7.5,over,104,fanduel,0.5328,0.4536,0.0792,0.0869,0.0,0,3,0.0836,0.0209,1
Kiki Iriafen,player_points,14.5,over,-125,draftkings,0.6037,0.5248,0.0789,0.0867,0.0,0,3,0.1083,0.0271,1
Shakira Austin,player_rebounds,10.5,over,100,betonlineag,0.5563,0.4788,0.0775,0.1126,0.0,0,3,0.1126,0.0282,1
Jackie Young,player_points,18.5,over,-112,draftkings,0.611,0.5337,0.0773,0.1565,0.0,0,3,0.1753,0.0438,1
Courtney Williams,player_assists,4.5,over,130,fanduel,0.4913,0.4156,0.0757,0.13,0.0,0,3,0.1,0.025,1
Kamilla Cardoso,player_points,14.5,over,-110,fanduel,0.575,0.5,0.075,0.0977,0.0,0,3,0.1075,0.0269,1
Caitlin Clark,player_rebounds,4.5,over,122,betonlineag,0.5007,0.4258,0.0749,0.1116,0.0,0,3,0.0914,0.0229,1
A'ja Wilson,player_points,25.5,over,-113,draftkings,0.588,0.5135,0.0745,0.1084,0.0,0,3,0.1224,0.0306,1
A'ja Wilson,player_rebounds,9.5,over,-135,betonlineag,0.6176,0.5435,0.0741,0.0751,0.0,0,3,0.1014,0.0253,1
Dearica Hamby,player_points,14.5,over,113,betonlineag,0.5219,0.4485,0.0734,0.1116,0.0,0,2,0.0988,0.0247,1
Michaela Onyenwere,player_rebounds,2.5,over,-147,draftkings,0.6342,0.5622,0.072,0.0656,0.0,0,2,0.0965,0.0241,1
Shakira Austin,player_points,19.5,over,-103,draftkings,0.5533,0.4819,0.0714,0.0905,0.0,0,3,0.0932,0.0233,1
Allisha Gray,player_rebounds,2.5,over,-169,betonlineag,0.6785,0.6073,0.0712,0.08,0.0,0,2,0.1352,0.0338,1
Chelsea Gray,player_rebounds,2.5,over,-147,betonlineag,0.6367,0.5659,0.0708,0.0698,0.0,0,3,0.1026,0.0257,1
Jordan Horston,player_points,6.5,over,-112,betonlineag,0.5688,0.5,0.0688,0.0767,0.0,0,3,0.0859,0.0215,1
Olivia Nelson-Ododa,player_rebounds,6.5,under,101,draftkings,0.5485,0.4843,0.0642,0.1025,0.0,0,3,0.1015,0.0254,1
Jordin Canada,player_assists,8.5,over,114,fanduel,0.5008,0.438,0.0628,0.0717,0.0,0,3,0.0629,0.0157,1
Napheesa Collier,player_assists,2.5,over,-148,draftkings,0.6337,0.5725,0.0612,0.0619,0.0,0,3,0.0916,0.0229,1
A'ja Wilson,player_assists,3.5,over,122,betonlineag,0.4749,0.4167,0.0582,0.0543,0.0,0,3,0.0445,0.0111,1
Azura Stevens,player_rebounds,6.5,over,-114,fanduel,0.572,0.5141,0.0579,0.0738,0.0,0,2,0.0841,0.021,1
Kiki Iriafen,player_rebounds,8.5,over,-139,betonlineag,0.6169,0.5594,0.0575,0.0607,0.0,0,3,0.0844,0.0211,1
Diamond Miller,player_points,10.5,under,-130,fanduel,0.5928,0.5357,0.0571,0.0488,0.0,0,3,0.0634,0.0159,1
Aliyah Boston,player_points,16.5,over,-115,fanduel,0.5584,0.5023,0.0561,0.044,0.0,0,3,0.0506,0.0126,1
Angel Reese,player_assists,2.5,over,104,fanduel,0.5304,0.4752,0.0552,0.082,0.0,0,3,0.0789,0.0197,1
Natasha Howard,player_assists,3.5,under,-143,betonlineag,0.6179,0.5647,0.0532,0.05,0.0,0,3,0.0715,0.0179,1
Dominique Malonga,player_assists,1.5,over,-166,fanduel,0.6452,0.592,0.0532,0.0339,0.0,0,1,0.0562,0.0141,1
Nneka Ogwumike,player_assists,3.5,over,134,fanduel,0.4525,0.4002,0.0523,0.0588,0.0,0,3,0.0439,0.011,1
Dearica Hamby,player_points,13.5,over,-130,draftkings,0.5832,0.5312,0.052,0.0318,0.0,0,1,0.0414,0.0103,1
Courtney Williams,player_rebounds,4.5,over,-120,draftkings,0.5652,0.5135,0.0517,0.0362,0.0,0,3,0.0434,0.0109,1
Natasha Howard,player_rebounds,6.5,over,-108,fanduel,0.5356,0.4843,0.0513,0.0315,0.0,0,3,0.034,0.0085,1
Dominique Malonga,player_points,19.5,over,-118,fanduel,0.5598,0.509,0.0508,0.0342,0.0,0,2,0.0404,0.0101,1
Rae Burrell,player_points,15.5,over,-103,betonlineag,0.5476,0.4978,0.0498,0.0793,0.0,0,3,0.0816,0.0204,1
Sonia Citron,player_assists,4.5,over,121,draftkings,0.4607,0.4116,0.0491,0.0181,0.0,0,1,0.015,0.0037,1
Dearica Hamby,player_rebounds,6.5,over,-120,betonlineag,0.5644,0.5157,0.0487,0.0347,0.0,0,3,0.0417,0.0104,1
Olivia Nelson-Ododa,player_points,10.5,under,-120,fanduel,0.5616,0.5145,0.0471,0.0296,0.0,0,3,0.0355,0.0089,1
Charlisse Leger-Walker,player_points,6.5,over,-113,draftkings,0.5457,0.5,0.0457,0.0286,0.0,0,3,0.0323,0.0081,1
Charlisse Leger-Walker,player_assists,3.5,over,109,draftkings,0.4947,0.4493,0.0454,0.0339,0.0,0,3,0.0311,0.0078,1
Georgia Amoore,player_points,5.5,over,104,betonlineag,0.5022,0.4577,0.0445,0.0245,0.0,0,2,0.0235,0.0059,1
Natasha Howard,player_points,12.5,over,110,betonlineag,0.5148,0.471,0.0438,0.0811,0.0,0,3,0.0737,0.0184,1
Kelsey Mitchell,player_points,25.5,over,-115,fanduel,0.547,0.5034,0.0436,0.0227,0.0,0,3,0.026,0.0065,1
Aliyah Boston,player_assists,3.5,over,136,fanduel,0.4393,0.3961,0.0432,0.0367,0.0,0,3,0.027,0.0068,1
Chelsea Gray,player_points,11.5,over,-129,draftkings,0.5707,0.529,0.0417,0.0131,0.0,0,1,0.0169,0.0042,1
Dominique Malonga,player_points,20.5,over,-104,draftkings,0.5138,0.4733,0.0405,0.0078,0.0,0,1,0.0082,0.002,1
Jackie Young,player_rebounds,4.5,over,-105,betonlineag,0.5314,0.4922,0.0392,0.0375,0.0,0,3,0.0394,0.0098,1
Brittney Griner,player_rebounds,6.5,over,116,fanduel,0.4711,0.4322,0.0389,0.0176,0.0,0,2,0.0152,0.0038,1
Azura Stevens,player_points,11.5,over,-123,draftkings,0.5578,0.5203,0.0375,0.0113,0.0,0,3,0.0139,0.0035,1
Brittney Griner,player_rebounds,5.5,over,-143,betonlineag,0.5946,0.558,0.0366,0.0104,0.0,0,1,0.0149,0.0037,1
Chelsea Gray,player_points,12.5,over,100,fanduel,0.5064,0.4707,0.0357,0.0128,0.0,0,2,0.0128,0.0032,1
Jade Melbourne,player_assists,4.5,over,-139,draftkings,0.5991,0.5649,0.0342,0.0301,0.0,0,3,0.0418,0.0105,1
Caitlin Clark,player_assists,9.5,over,-110,betonlineag,0.5272,0.4933,0.0339,0.0065,0.0,0,3,0.0071,0.0018,1
NaLyssa Smith,player_rebounds,6.5,over,116,fanduel,0.4738,0.4435,0.0303,0.0234,0.0,0,3,0.0202,0.005,1
Dearica Hamby,player_assists,2.5,over,113,betonlineag,0.4655,0.4354,0.0301,-0.0085,0.0,0,2,0.0,0.0,0
Azura Stevens,player_rebounds,7.5,over,114,draftkings,0.4534,0.4261,0.0273,-0.0297,0.0,0,1,0.0,0.0,0
Sonia Citron,player_assists,3.5,over,-164,betonlineag,0.6231,0.5963,0.0268,0.003,0.0,0,2,0.005,0.0012,0
Kamilla Cardoso,player_assists,2.5,under,-106,betonlineag,0.5235,0.4989,0.0246,0.0174,0.0,0,3,0.0184,0.0046,0
Ariel Atkins,player_assists,2.5,over,-146,fanduel,0.5904,0.5659,0.0245,-0.0052,0.0,0,3,0.0,0.0,0
Sonia Citron,player_points,17.5,over,-105,betonlineag,0.5041,0.4797,0.0244,-0.0158,0.0,0,3,0.0,0.0,0
Aliyah Boston,player_rebounds,8.5,over,-123,betonlineag,0.564,0.5421,0.0219,0.0225,0.0,0,3,0.0277,0.0069,0
Leila Lacan,player_assists,4.5,under,-136,fanduel,0.5718,0.5509,0.0209,-0.0078,0.0,0,3,0.0,0.0,0
Georgia Amoore,player_assists,3.5,over,128,betonlineag,0.4299,0.4107,0.0192,-0.0198,0.0,0,2,0.0,0.0,0
Jonquel Jones,player_points,14.5,over,-118,draftkings,0.5291,0.5113,0.0178,-0.0225,0.0,0,3,0.0,0.0,0
Erica Wheeler,player_assists,5.5,under,-114,fanduel,0.5262,0.5113,0.0149,-0.0122,0.0,0,3,0.0,0.0,0
Breanna Stewart,player_assists,3.5,over,-119,betonlineag,0.53,0.5166,0.0134,-0.0246,0.0,0,3,0.0,0.0,0
Olivia Miles,player_assists,7.5,over,116,fanduel,0.4461,0.4351,0.011,-0.0364,0.0,0,3,0.0,0.0,0
Leila Lacan,player_points,11.5,over,104,fanduel,0.4751,0.4643,0.0108,-0.0308,0.0,0,3,0.0,0.0,0
NaLyssa Smith,player_points,11.5,over,-102,betonlineag,0.4992,0.491,0.0082,-0.0114,0.0,0,3,0.0,0.0,0
Jonquel Jones,player_assists,2.5,over,-172,betonlineag,0.6131,0.6051,0.008,-0.0304,0.0,0,3,0.0,0.0,0
Michaela Onyenwere,player_points,7.5,over,-113,fanduel,0.5252,0.5181,0.0071,-0.01,0.0,0,3,0.0,0.0,0
Ariel Atkins,player_rebounds,2.5,over,-153,draftkings,0.5915,0.5869,0.0046,-0.0219,0.0,0,3,0.0,0.0,0
Charlisse Leger-Walker,player_rebounds,2.5,over,149,betonlineag,0.369,0.3655,0.0035,-0.0812,0.0,0,1,0.0,0.0,0
Shakira Austin,player_assists,2.5,under,116,draftkings,0.436,0.4341,0.0019,-0.0582,0.0,0,3,0.0,0.0,0
Kamilla Cardoso,player_rebounds,8.5,over,-123,betonlineag,0.5435,0.5421,0.0014,-0.0146,0.0,0,3,0.0,0.0,0
Kamilla Cardoso,player_rebounds,8.5,under,104,draftkings,0.4565,0.4579,-0.0014,-0.0687,0.0,0,3,0.0,0.0,0
Shakira Austin,player_assists,2.5,over,-130,fanduel,0.564,0.5659,-0.0019,-0.0022,0.0,0,3,0.0,0.0,0
Charlisse Leger-Walker,player_rebounds,2.5,under,-196,betonlineag,0.631,0.6345,-0.0035,-0.0471,0.0,0,1,0.0,0.0,0
Ariel Atkins,player_rebounds,2.5,under,128,betonlineag,0.4085,0.4131,-0.0046,-0.0686,0.0,0,3,0.0,0.0,0
Michaela Onyenwere,player_points,7.5,under,-105,draftkings,0.4748,0.4819,-0.0071,-0.073,0.0,0,3,0.0,0.0,0
Jonquel Jones,player_assists,2.5,under,134,fanduel,0.3869,0.3949,-0.008,-0.0947,0.0,0,3,0.0,0.0,0
NaLyssa Smith,player_points,11.5,under,-118,fanduel,0.5008,0.509,-0.0082,-0.0748,0.0,0,3,0.0,0.0,0
Leila Lacan,player_points,11.5,under,-128,draftkings,0.5249,0.5357,-0.0108,-0.065,0.0,0,3,0.0,0.0,0
Olivia Miles,player_assists,7.5,under,-147,betonlineag,0.5539,0.5649,-0.011,-0.0693,0.0,0,3,0.0,0.0,0
Breanna Stewart,player_assists,3.5,under,-106,fanduel,0.47,0.4834,-0.0134,-0.0866,0.0,0,3,0.0,0.0,0
Erica Wheeler,player_assists,5.5,over,-105,draftkings,0.4738,0.4887,-0.0149,-0.075,0.0,0,3,0.0,0.0,0
Jonquel Jones,player_points,14.5,under,-104,fanduel,0.4709,0.4887,-0.0178,-0.0763,0.0,0,3,0.0,0.0,0
Georgia Amoore,player_assists,3.5,under,-161,draftkings,0.5701,0.5893,-0.0192,-0.0758,0.0,0,2,0.0,0.0,0
Leila Lacan,player_assists,4.5,over,107,draftkings,0.4282,0.4491,-0.0209,-0.1136,0.0,0,3,0.0,0.0,0
Aliyah Boston,player_rebounds,8.5,under,102,fanduel,0.436,0.4579,-0.0219,-0.1193,0.0,0,3,0.0,0.0,0
Sonia Citron,player_points,17.5,under,-122,fanduel,0.4959,0.5203,-0.0244,-0.0976,0.0,0,3,0.0,0.0,0
Ariel Atkins,player_assists,2.5,under,114,betonlineag,0.4096,0.4341,-0.0245,-0.1235,0.0,0,3,0.0,0.0,0
Kamilla Cardoso,player_assists,2.5,over,-102,fanduel,0.4765,0.5011,-0.0246,-0.0563,0.0,0,3,0.0,0.0,0
Sonia Citron,player_assists,3.5,under,128,fanduel,0.3769,0.4037,-0.0268,-0.1407,0.0,0,2,0.0,0.0,0
Azura Stevens,player_rebounds,7.5,under,-156,draftkings,0.5466,0.5739,-0.0273,-0.103,0.0,0,1,0.0,0.0,0
Dearica Hamby,player_assists,2.5,under,-147,betonlineag,0.5345,0.5646,-0.0301,-0.1019,0.0,0,2,0.0,0.0,0
NaLyssa Smith,player_rebounds,6.5,under,-130,betonlineag,0.5262,0.5565,-0.0303,-0.069,0.0,0,3,0.0,0.0,0
Caitlin Clark,player_assists,9.5,under,-104,draftkings,0.4728,0.5067,-0.0339,-0.0726,0.0,0,3,0.0,0.0,0
Jade Melbourne,player_assists,4.5,under,124,fanduel,0.4009,0.4351,-0.0342,-0.102,0.0,0,3,0.0,0.0,0
Chelsea Gray,player_points,12.5,under,-125,betonlineag,0.4936,0.5293,-0.0357,-0.1115,0.0,0,2,0.0,0.0,0
Brittney Griner,player_rebounds,5.5,under,110,betonlineag,0.4054,0.442,-0.0366,-0.1487,0.0,0,1,0.0,0.0,0
Azura Stevens,player_points,11.5,under,100,fanduel,0.4422,0.4797,-0.0375,-0.1156,0.0,0,3,0.0,0.0,0
Brittney Griner,player_rebounds,6.5,under,-148,draftkings,0.5289,0.5678,-0.0389,-0.1137,0.0,0,2,0.0,0.0,0
Jackie Young,player_rebounds,4.5,under,-110,fanduel,0.4686,0.5078,-0.0392,-0.1054,0.0,0,3,0.0,0.0,0
Dominique Malonga,player_points,20.5,under,-128,draftkings,0.4862,0.5267,-0.0405,-0.134,0.0,0,1,0.0,0.0,0
Chelsea Gray,player_points,11.5,under,-103,draftkings,0.4293,0.471,-0.0417,-0.1539,0.0,0,1,0.0,0.0,0
Aliyah Boston,player_assists,3.5,under,-169,draftkings,0.5607,0.6039,-0.0432,-0.1075,0.0,0,3,0.0,0.0,0
Kelsey Mitchell,player_points,25.5,under,-106,draftkings,0.453,0.4966,-0.0436,-0.1196,0.0,0,3,0.0,0.0,0
Natasha Howard,player_points,12.5,under,-125,fanduel,0.4852,0.529,-0.0438,-0.1266,0.0,0,3,0.0,0.0,0
Georgia Amoore,player_points,5.5,under,-135,draftkings,0.4978,0.5423,-0.0445,-0.1335,0.0,0,2,0.0,0.0,0
Charlisse Leger-Walker,player_assists,3.5,under,-137,betonlineag,0.5053,0.5507,-0.0454,-0.1259,0.0,0,3,0.0,0.0,0
Charlisse Leger-Walker,player_points,6.5,under,-114,fanduel,0.4543,0.5,-0.0457,-0.1472,0.0,0,3,0.0,0.0,0
Olivia Nelson-Ododa,player_points,10.5,over,-102,betonlineag,0.4384,0.4855,-0.0471,-0.1318,0.0,0,3,0.0,0.0,0
Dearica Hamby,player_rebounds,6.5,under,-104,draftkings,0.4356,0.4843,-0.0487,-0.1456,0.0,0,3,0.0,0.0,0
Sonia Citron,player_assists,4.5,under,-165,draftkings,0.5393,0.5884,-0.0491,-0.1339,0.0,0,1,0.0,0.0,0
Rae Burrell,player_points,15.5,under,-114,fanduel,0.4524,0.5022,-0.0498,-0.1508,0.0,0,3,0.0,0.0,0
Dominique Malonga,player_points,19.5,under,-110,fanduel,0.4402,0.491,-0.0508,-0.1596,0.0,0,2,0.0,0.0,0
Natasha Howard,player_rebounds,6.5,under,-110,betonlineag,0.4644,0.5157,-0.0513,-0.1134,0.0,0,3,0.0,0.0,0
Courtney Williams,player_rebounds,4.5,under,-106,fanduel,0.4348,0.4865,-0.0517,-0.155,0.0,0,3,0.0,0.0,0
Dearica Hamby,player_points,13.5,under,-102,draftkings,0.4168,0.4688,-0.052,-0.1746,0.0,0,1,0.0,0.0,0
Nneka Ogwumike,player_assists,3.5,under,-153,draftkings,0.5475,0.5998,-0.0523,-0.0947,0.0,0,3,0.0,0.0,0
Natasha Howard,player_assists,3.5,over,114,draftkings,0.3821,0.4353,-0.0532,-0.1823,0.0,0,3,0.0,0.0,0
Dominique Malonga,player_assists,1.5,under,124,fanduel,0.3548,0.408,-0.0532,-0.2052,0.0,0,1,0.0,0.0,0
Angel Reese,player_assists,2.5,under,-124,draftkings,0.4696,0.5248,-0.0552,-0.1517,0.0,0,3,0.0,0.0,0
Aliyah Boston,player_points,16.5,under,-112,betonlineag,0.4416,0.4977,-0.0561,-0.1641,0.0,0,3,0.0,0.0,0
Diamond Miller,player_points,10.5,over,102,betonlineag,0.4072,0.4643,-0.0571,-0.1775,0.0,0,3,0.0,0.0,0
Kiki Iriafen,player_rebounds,8.5,under,110,fanduel,0.3831,0.4406,-0.0575,-0.1955,0.0,0,3,0.0,0.0,0
Azura Stevens,player_rebounds,6.5,under,-102,betonlineag,0.428,0.4859,-0.0579,-0.1524,0.0,0,2,0.0,0.0,0
A'ja Wilson,player_assists,3.5,under,-158,draftkings,0.5251,0.5833,-0.0582,-0.1426,0.0,0,3,0.0,0.0,0
Napheesa Collier,player_assists,2.5,under,122,fanduel,0.3663,0.4275,-0.0612,-0.1868,0.0,0,3,0.0,0.0,0
Jordin Canada,player_assists,8.5,under,-144,draftkings,0.4992,0.562,-0.0628,-0.1541,0.0,0,3,0.0,0.0,0
Olivia Nelson-Ododa,player_rebounds,6.5,over,-119,betonlineag,0.4515,0.5157,-0.0642,-0.1691,0.0,0,3,0.0,0.0,0
Jordan Horston,player_points,6.5,under,-110,draftkings,0.4312,0.5,-0.0688,-0.1768,0.0,0,3,0.0,0.0,0
Chelsea Gray,player_rebounds,2.5,under,114,betonlineag,0.3633,0.4341,-0.0708,-0.2225,0.0,0,3,0.0,0.0,0
Allisha Gray,player_rebounds,2.5,under,136,fanduel,0.3215,0.3927,-0.0712,-0.2413,0.0,0,2,0.0,0.0,0
Shakira Austin,player_points,19.5,under,-120,betonlineag,0.4467,0.5181,-0.0714,-0.181,0.0,0,3,0.0,0.0,0
Michaela Onyenwere,player_rebounds,2.5,under,113,betonlineag,0.3658,0.4378,-0.072,-0.2208,0.0,0,2,0.0,0.0,0
Dearica Hamby,player_points,14.5,under,-132,fanduel,0.4781,0.5515,-0.0734,-0.1597,0.0,0,2,0.0,0.0,0
A'ja Wilson,player_rebounds,9.5,under,108,fanduel,0.3824,0.4565,-0.0741,-0.2046,0.0,0,3,0.0,0.0,0
A'ja Wilson,player_points,25.5,under,-106,fanduel,0.412,0.4865,-0.0745,-0.1993,0.0,0,3,0.0,0.0,0
Caitlin Clark,player_rebounds,4.5,under,-139,draftkings,0.4993,0.5742,-0.0749,-0.1415,0.0,0,3,0.0,0.0,0
Kamilla Cardoso,player_points,14.5,under,-105,draftkings,0.425,0.5,-0.075,-0.1702,0.0,0,3,0.0,0.0,0
Courtney Williams,player_assists,4.5,under,-155,draftkings,0.5087,0.5844,-0.0757,-0.1631,0.0,0,3,0.0,0.0,0
Jackie Young,player_points,18.5,under,110,betonlineag,0.389,0.4663,-0.0773,-0.1831,0.0,0,3,0.0,0.0,0
Shakira Austin,player_rebounds,10.5,under,-124,draftkings,0.4437,0.5212,-0.0775,-0.1985,0.0,0,3,0.0,0.0,0
Kiki Iriafen,player_points,14.5,under,100,fanduel,0.3963,0.4752,-0.0789,-0.2074,0.0,0,3,0.0,0.0,0
Napheesa Collier,player_rebounds,7.5,under,-123,betonlineag,0.4672,0.5464,-0.0792,-0.153,0.0,0,3,0.0,0.0,0
Erica Wheeler,player_points,8.5,under,110,betonlineag,0.4112,0.491,-0.0798,-0.1365,0.0,0,3,0.0,0.0,0
Ariel Atkins,player_points,7.5,under,100,fanduel,0.386,0.4663,-0.0803,-0.228,0.0,0,3,0.0,0.0,0
Natasha Cloud,player_assists,5.5,under,-108,betonlineag,0.4158,0.4967,-0.0809,-0.1992,0.0,0,3,0.0,0.0,0
Dominique Malonga,player_rebounds,9.5,under,102,fanduel,0.3755,0.4579,-0.0824,-0.2415,0.0,0,3,0.0,0.0,0
Azura Stevens,player_assists,2.5,under,-172,betonlineag,0.5354,0.6202,-0.0848,-0.1533,0.0,0,2,0.0,0.0,0
Ezi Magbegor,player_rebounds,5.5,under,-130,fanduel,0.4555,0.5418,-0.0863,-0.1941,0.0,0,3,0.0,0.0,0
Kelsey Mitchell,player_assists,2.5,under,100,betonlineag,0.3804,0.468,-0.0876,-0.2392,0.0,0,3,0.0,0.0,0
Allisha Gray,player_rebounds,3.5,under,-172,draftkings,0.5092,0.5986,-0.0894,-0.1948,0.0,0,1,0.0,0.0,0
Napheesa Collier,player_points,19.5,over,-112,betonlineag,0.4027,0.4967,-0.094,-0.2377,0.0,0,3,0.0,0.0,0
Brittney Griner,player_points,11.5,under,100,draftkings,0.3717,0.4676,-0.0959,-0.2566,0.0,0,2,0.0,0.0,0
Jordan Horston,player_rebounds,3.5,under,128,fanduel,0.3146,0.4121,-0.0975,-0.2827,0.0,0,3,0.0,0.0,0
Rhyne Howard,player_points,17.5,under,-120,draftkings,0.4255,0.5236,-0.0981,-0.2199,0.0,0,3,0.0,0.0,0
Rhyne Howard,player_rebounds,3.5,under,100,fanduel,0.3735,0.4724,-0.0989,-0.253,0.0,0,3,0.0,0.0,0
Jackie Young,player_assists,6.5,under,-135,betonlineag,0.4423,0.5435,-0.1012,-0.2301,0.0,0,3,0.0,0.0,0
Natisha Hiedeman,player_assists,5.5,under,-149,betonlineag,0.4666,0.5704,-0.1038,-0.2202,0.0,0,3,0.0,0.0,0
Breanna Stewart,player_points,21.5,under,-106,fanduel,0.3988,0.5034,-0.1046,-0.225,0.0,0,3,0.0,0.0,0
Chelsea Gray,player_assists,6.5,under,-132,betonlineag,0.4369,0.5418,-0.1049,-0.2321,0.0,0,3,0.0,0.0,0
Rhyne Howard,player_assists,3.5,under,-122,fanduel,0.416,0.5276,-0.1116,-0.243,0.0,0,3,0.0,0.0,0
Jonquel Jones,player_rebounds,8.5,under,107,draftkings,0.3303,0.4426,-0.1123,-0.3163,0.0,0,1,0.0,0.0,0
Brittney Griner,player_assists,2.5,under,-204,betonlineag,0.53,0.644,-0.114,-0.2102,0.0,0,1,0.0,0.0,0
Michaela Onyenwere,player_assists,1.5,over,-185,betonlineag,0.506,0.6209,-0.1149,-0.2205,0.0,0,1,0.0,0.0,0
Michaela Onyenwere,player_assists,2.5,over,134,draftkings,0.2709,0.3861,-0.1152,-0.3661,0.0,0,1,0.0,0.0,0
Olivia Miles,player_points,20.5,under,-126,draftkings,0.4069,0.5223,-0.1154,-0.2702,0.0,0,1,0.0,0.0,0
Natasha Cloud,player_points,10.5,under,-114,fanduel,0.3945,0.5135,-0.119,-0.2594,0.0,0,3,0.0,0.0,0
Allisha Gray,player_assists,2.5,under,-142,draftkings,0.4367,0.5567,-0.12,-0.2558,0.0,0,3,0.0,0.0,0
Rebecca Allen,player_points,8.5,over,104,fanduel,0.3506,0.4719,-0.1213,-0.2848,0.0,0,3,0.0,0.0,0
Breanna Stewart,player_rebounds,7.5,under,109,draftkings,0.317,0.4385,-0.1215,-0.3375,0.0,0,1,0.0,0.0,0
Kayla McBride,player_rebounds,2.5,under,-123,betonlineag,0.4023,0.5295,-0.1272,-0.2706,0.0,0,2,0.0,0.0,0
Nneka Ogwumike,player_rebounds,8.5,under,-138,fanduel,0.4221,0.5509,-0.1288,-0.272,0.0,0,3,0.0,0.0,0
Natasha Cloud,player_rebounds,3.5,under,-153,draftkings,0.4623,0.5965,-0.1342,-0.2355,0.0,0,3,0.0,0.0,0
Rae Burrell,player_assists,2.5,under,-130,betonlineag,0.4102,0.5464,-0.1362,-0.2743,0.0,0,3,0.0,0.0,0
Jonquel Jones,player_rebounds,9.5,under,-145,betonlineag,0.4202,0.5614,-0.1412,-0.29,0.0,0,2,0.0,0.0,0
Olivia Miles,player_points,19.5,under,-114,fanduel,0.3608,0.5028,-0.142,-0.3227,0.0,0,2,0.0,0.0,0
Makayla Timpson,player_rebounds,5.5,under,104,fanduel,0.3115,0.4543,-0.1428,-0.3645,0.0,0,2,0.0,0.0,0
Ezi Magbegor,player_points,7.5,under,-102,fanduel,0.3391,0.4832,-0.1441,-0.3284,0.0,0,3,0.0,0.0,0
Nneka Ogwumike,player_points,15.5,under,-124,draftkings,0.3908,0.5382,-0.1474,-0.294,0.0,0,3,0.0,0.0,0
Pauline Astier,player_points,8.5,over,-116,betonlineag,0.3594,0.5078,-0.1484,-0.3308,0.0,0,3,0.0,0.0,0
Breanna Stewart,player_rebounds,8.5,under,-145,betonlineag,0.419,0.5681,-0.1491,-0.292,0.0,0,2,0.0,0.0,0
Sonia Citron,player_rebounds,3.5,under,-137,draftkings,0.4154,0.5649,-0.1495,-0.2814,0.0,0,3,0.0,0.0,0
Jordin Canada,player_rebounds,3.5,under,-125,fanduel,0.3754,0.5254,-0.15,-0.3243,0.0,0,3,0.0,0.0,0
Angel Reese,player_rebounds,12.5,under,-136,fanduel,0.3973,0.5478,-0.1505,-0.3106,0.0,0,3,0.0,0.0,0
Allisha Gray,player_points,18.5,under,-122,fanduel,0.367,0.5181,-0.1511,-0.3322,0.0,0,3,0.0,0.0,0
Courtney Williams,player_points,12.5,under,-121,draftkings,0.3703,0.5236,-0.1533,-0.3237,0.0,0,3,0.0,0.0,0
Brittney Griner,player_points,12.5,under,-164,betonlineag,0.4385,0.5923,-0.1538,-0.2941,0.0,0,1,0.0,0.0,0
Olivia Miles,player_rebounds,4.5,under,-138,fanduel,0.4041,0.5585,-0.1544,-0.3031,0.0,0,3,0.0,0.0,0
Natisha Hiedeman,player_points,15.5,under,-127,draftkings,0.3689,0.5245,-0.1556,-0.3406,0.0,0,1,0.0,0.0,0
Natisha Hiedeman,player_points,14.5,under,-102,fanduel,0.318,0.4746,-0.1566,-0.3702,0.0,0,2,0.0,0.0,0
Rae Burrell,player_rebounds,2.5,under,-168,draftkings,0.4455,0.6026,-0.1571,-0.2893,0.0,0,2,0.0,0.0,0
Caitlin Clark,player_points,21.5,under,-102,fanduel,0.3337,0.491,-0.1573,-0.3391,0.0,0,3,0.0,0.0,0
Cameron Brink,player_points,7.5,over,-110,fanduel,0.3259,0.491,-0.1651,-0.3778,0.0,0,3,0.0,0.0,0
Jewell Loyd,player_points,7.5,over,-136,draftkings,0.3653,0.5421,-0.1768,-0.3661,0.0,0,1,0.0,0.0,0
Jordin Canada,player_points,11.5,under,-120,fanduel,0.3393,0.5181,-0.1788,-0.378,0.0,0,3,0.0,0.0,0
Kayla McBride,player_points,15.5,under,-120,betonlineag,0.3339,0.519,-0.1851,-0.3878,0.0,0,3,0.0,0.0,0
Cotie McMahon,player_assists,2.5,over,149,betonlineag,0.1783,0.3655,-0.1872,-0.556,0.0,0,1,0.0,0.0,0
Jade Melbourne,player_points,9.5,under,-102,fanduel,0.29,0.4832,-0.1932,-0.4257,0.0,0,3,0.0,0.0,0
Jewell Loyd,player_points,8.5,over,-108,betonlineag,0.2953,0.4887,-0.1934,-0.4313,0.0,0,2,0.0,0.0,0
Angel Reese,player_points,15.5,under,-118,fanduel,0.3162,0.51,-0.1938,-0.4158,0.0,0,3,0.0,0.0,0
Cameron Brink,player_rebounds,5.5,over,141,betonlineag,0.1944,0.3893,-0.1949,-0.5315,0.0,0,2,0.0,0.0,0
Lauren Betts,player_points,5.5,over,-141,betonlineag,0.3479,0.5553,-0.2074,-0.4054,0.0,0,2,0.0,0.0,0
Pauline Astier,player_assists,3.5,over,-137,betonlineag,0.3322,0.5543,-0.2221,-0.4253,0.0,0,2,0.0,0.0,0
Natisha Hiedeman,player_rebounds,2.5,under,-154,fanduel,0.3568,0.5866,-0.2298,-0.4115,0.0,0,3,0.0,0.0,0
Pauline Astier,player_assists,4.5,over,111,draftkings,0.2008,0.4337,-0.2329,-0.5763,0.0,0,1,0.0,0.0,0
Han Xu,player_rebounds,3.5,over,-125,fanduel,0.282,0.5212,-0.2392,-0.4924,0.0,0,1,0.0,0.0,0
Cotie McMahon,player_rebounds,2.5,over,-149,betonlineag,0.3283,0.573,-0.2447,-0.4514,0.0,0,3,0.0,0.0,0
Cotie McMahon,player_points,7.5,over,-106,draftkings,0.2426,0.4943,-0.2517,-0.5285,0.0,0,3,0.0,0.0,0
Lauren Betts,player_rebounds,4.5,over,-143,betonlineag,0.2864,0.558,-0.2716,-0.5133,0.0,0,3,0.0,0.0,0
Cameron Brink,player_rebounds,4.5,over,-160,draftkings,0.3011,0.5803,-0.2792,-0.5107,0.0,0,1,0.0,0.0,0
Marine Johannes,player_points,9.5,over,-120,fanduel,0.1645,0.5175,-0.353,-0.6984,0.0,0,2,0.0,0.0,0
Marine Johannes,player_points,10.5,over,-109,draftkings,0.1306,0.4855,-0.3549,-0.7496,0.0,0,1,0.0,0.0,0
